cluster,session_length_performance_slope,within_session_performance_slope,games_per_day_performance_slope,games_per_week_performance_slope
0,0.0017601314576015002,-0.028010963840594504,0.0026588893830535,0.001001944957673
1,0.010603882196535,-0.030823924573924,0.00271399963658,0.00042014992591500003
2,0.0036242358067290004,-0.00036949699889100005,0.0007749366161160001,0.00024544790070100004
3,0.0057050075676175005,-0.039772791558505,0.0048677834488695,0.00058183695614
4,0.012613432664790501,-0.032439959883883505,0.0036985190617415003,0.0006719234721105
