cluster,session_length_performance_slope,within_session_performance_slope,games_per_day_performance_slope,games_per_week_performance_slope
0,0.0019001018506075002,0.0002862766874885,0.0012409676602270002,0.0004284838912875
1,0.004948010746116,-0.0356453821365815,0.0024151715293380003,0.000395936804647
2,0.0047150286047475,-0.046688865136238,0.0024269665459805004,0.0005565048757155001
3,0.010503501243026,-0.032439959883883505,0.006339025559542501,0.000873008470095
4,0.006211105802190001,-0.0373568808427955,0.0034314293045400006,0.00044375244085600004
