cluster,session_length_performance_slope,within_session_performance_slope,games_per_day_performance_slope,games_per_week_performance_slope
0,0.013939185692975609,-0.05048489066136997,0.005107403818119702,0.0008899316105518082
1,0.004506548657309586,-0.0376084548144776,0.002355264043791543,0.0008102001452837802
2,0.012868640673032542,-0.036121601485479576,0.006277583406549495,0.0010395235987641382
3,0.0017165890068509579,-0.013771938003458682,0.0018231747274364894,0.000511659472355749
4,-0.0006063149716677631,0.010822952703904529,-0.0008106565244082896,-0.0002709215817018315
