cluster,elo_gain,elo_gain_per_game,elo_slope_per_game,elo_slope_per_day
0,38.0,0.0894457813600105,0.17926397946598352,0.7336699797576456
1,43.5,0.068932748538011,0.20491462014380052,0.6812620308226025
2,-7.0,-0.009722222222222,0.025414138837599003,0.07383497761230301
3,-34.0,-0.07391304347826001,0.026418723852318002,0.046978082262034
4,-52.0,-0.0678373354942945,0.08559855125235902,0.38631956022099356
