cluster,session_length_performance_slope,within_session_performance_slope,games_per_day_performance_slope,games_per_week_performance_slope
0,0.0024459453455739502,-0.022521855444849814,0.0020822784535739626,-0.0001953387711616114
1,0.005885241158398354,-0.004093256705083148,0.002799081134736245,0.001057198540182333
2,0.015216432846959286,-0.054694640824710095,0.006305342837848642,0.0012995252943865823
3,0.0034583384368143118,-0.0021502613486382898,0.0013320231488274667,0.0005492742294973248
4,0.009755058338005279,-0.04355711204438817,0.004274542650164904,0.0010922017336770203
