cluster,session_length_performance_slope,within_session_performance_slope,games_per_day_performance_slope,games_per_week_performance_slope
0,0.003300836210223,-0.029216747206473,0.0026588893830535,0.00030911951938050004
1,-0.002067992343195,0.0036920161614075,0.0020511630571540002,0.000854410121171
2,0.013291717024410002,-0.045983473592333006,0.007133233142988001,0.0007298838755740001
3,0.0021378419248350004,-0.00924513007704,0.000627167264284,0.00037172368337900005
4,0.009417145945445002,-0.05094932949256201,0.0034314293045400006,0.0006132873417315
