cluster,session_length_performance_slope,within_session_performance_slope,games_per_day_performance_slope,games_per_week_performance_slope
0,0.013129706594223,-0.06848470693302,0.006297377297610001,0.001115521320793
1,0.008681039955531001,-0.020786516853932003,0.001664024075501,0.000462581153327
2,0.004960215727271,-0.020863058803364,0.0035599743148130004,0.00042014992591500003
3,-0.008200701235579502,0.047142997225529504,-0.006174145422705,-0.0012465092344755
4,0.008563045015908,-0.05313111545988201,0.004768594938489,0.0007057485626320001
