cluster,session_length_performance_slope,within_session_performance_slope,games_per_day_performance_slope,games_per_week_performance_slope
0,0.014403999682561217,-0.07188310801391551,0.006344252803644216,0.001542240304570284
1,0.008074151956529411,-0.023129920471457253,0.0030868532557912776,0.0005883573564041446
2,0.0043538915081558485,-0.007363243819060788,0.0037060883776018484,-0.00014604701920836358
3,-0.01690009934865597,0.07420529662567417,-0.007548431696746633,-0.0013558523836504335
4,0.011841083065550255,-0.048612877694331244,0.005603263212481671,0.0012316959921157818
