cluster,session_length_performance_slope,within_session_performance_slope,games_per_day_performance_slope,games_per_week_performance_slope
0,0.008800718732397,-0.04095487722024101,0.0031114942111965,0.0004361706661325
1,-0.009046850658381001,0.04292775436593901,-0.003397703113879,-0.00021365247999600003
2,0.006847197347686001,-0.042484100093132006,0.002864240286489,0.0007939826553580001
3,0.004610053580769,-0.019169096209912,-0.000780283427083,-0.000171508444827
4,0.022964019653953,-0.09524661222901401,0.009888947104051,0.0019098393170600002
