cluster,elo_gain,elo_gain_per_game,elo_slope_per_game,elo_slope_per_day
0,14.692307692307692,0.04393575442512508,0.11829032153251563,0.5400918952463324
1,67.41176470588235,0.13434171563174022,0.2717871323063051,0.9608052233871854
2,2.156862745098039,0.021602367086311525,0.21989873434761528,0.4916001646026813
3,-50.15094339622642,-0.10212344584628295,-0.07515752992933537,-0.1834355689685368
4,17.676923076923078,0.01913999193028072,0.09073674635092688,0.4608306895321477
