cluster,session_length_performance_slope,within_session_performance_slope,games_per_day_performance_slope,games_per_week_performance_slope
0,0.004630749685397776,-0.021279003539029145,0.0013855917222325308,0.0005032246766800124
1,0.007396943433255741,-0.041818692763984894,0.004138709758717173,0.0010780649550868014
2,0.004636791775894719,-0.014537646792917126,0.0017350093756432188,0.0005910439131938837
3,0.011622007139809905,-0.03334125685762534,0.005068402926379507,0.0006408591936305477
4,0.005695860306701117,-0.01121366059805562,0.002763364833550706,0.00018154369381635297
