cluster,session_length_performance_slope,within_session_performance_slope,games_per_day_performance_slope,games_per_week_performance_slope
0,0.0021378419248350004,-0.007174451365627001,0.001716078691774,0.00042014992591500003
1,0.010724455289845,-0.04643724681014551,0.004055246970299501,0.0008699665607630001
2,0.0030796008908855004,0.006807861287511,0.0019653220693175003,0.00041865699810700004
3,0.006069297651661001,-0.029226736566186,0.003951578520857001,0.0005485382883590001
4,0.0057479312351845,-0.028753861702621,0.003078273947309,0.000363683639048
