cluster,session_length_performance_slope,within_session_performance_slope,games_per_day_performance_slope,games_per_week_performance_slope
0,0.0022719455338845,-0.022406765752973002,0.0035864812538320004,0.0008461209878485001
1,0.0038328701572340005,-0.031035659803489504,0.0015578498409550001,0.0005627118562840001
2,0.0009151063996965002,0.008853690145879,0.0006004515706625,0.00011607876925770209
3,0.015365232007134001,-0.052672590567327,0.002852601150498,0.000148385422578
4,0.011952479931672,-0.033024418946749005,0.0037016316803700003,0.0006447748627350001
