cluster,session_length_performance_slope,within_session_performance_slope,games_per_day_performance_slope,games_per_week_performance_slope
0,0.013129706594223,-0.06725190290813901,0.007182721050823001,0.0007939826553580001
1,-0.014976890798770001,0.05314752133831,-0.006926128812253,-0.001298768211283
2,0.0245179026938,-0.077837549161078,0.005590158493714,0.000633616046652
3,0.006847197347686001,-0.0287506144649,0.001997273396199,0.0009536005642720001
4,-0.003036611155167,0.015079602415128,-0.0006708814275990001,0.00042481475784500005
