cluster,session_length_performance_slope,within_session_performance_slope,games_per_day_performance_slope,games_per_week_performance_slope
0,0.008606998097443001,-0.020786516853932003,0.0022672127082920004,0.000657455725845
1,0.000797777562722,0.003358101670594,0.0012866219144465002,0.0002860607988485
2,0.014178028700702502,-0.07318617764389751,0.010620872330946501,0.0009363069995855001
3,0.0020955313978600005,-0.00946598550694,0.0006004515706625,0.0004338382501675
4,0.008627001572120001,-0.045690433172178004,0.001405386334234,0.000509254439736
