cluster,session_length_performance_slope,within_session_performance_slope,games_per_day_performance_slope,games_per_week_performance_slope
0,0.005481483766744,-0.020602153305672,0.002485879311947,0.000683583569902
1,0.0013076441668440002,-0.00924513007704,-0.00048787096545300005,0.000462581153327
2,0.005340717483574,-0.04200758938435,0.002867544935175,0.000265070193881
3,0.009038392448886,-0.037943137943137,0.004494541596005,0.000604117452894
4,0.008765855318409,-0.038873626373626,0.002864240286489,0.000509254439736
