cluster,elo_gain,elo_gain_per_game,elo_slope_per_game,elo_slope_per_day
0,3.0,0.008714596949891,0.14654924162809302,0.530369315577481
1,14.5,0.04301362297496351,0.1721855133224775,0.6074301615341271
2,-49.5,-0.07521140427891451,0.009305053286707502,-0.0297383805938035
3,38.0,0.072368421052631,0.13483003650941602,0.47532644547832004
4,-30.0,-0.053307662354518504,0.0237967039289035,0.158942577303683
