{
  "n_players": 298,
  "n_rows": 149251,
  "games_per_player": {
    "count": 298.0,
    "mean": 500.8422818791946,
    "std": 214.95065276022825,
    "min": 200.0,
    "25%": 322.25,
    "50%": 470.5,
    "75%": 665.0,
    "max": 998.0
  },
  "initial_elo_in_window": {
    "count": 298.0,
    "mean": 1160.503355704698,
    "std": 101.03145652496826,
    "min": 1000.0,
    "25%": 1083.0,
    "50%": 1149.5,
    "75%": 1243.0,
    "max": 1400.0
  }
}