cluster,session_length_performance_slope,within_session_performance_slope,games_per_day_performance_slope,games_per_week_performance_slope
0,0.0028810388657820006,-0.0319241717603365,0.002719162580686,0.00044122350506500005
1,0.004428067926946,-0.029226736566186,0.004245277680356,0.0008883685945530001
2,-0.0005805833654195001,0.0030401213729360005,-0.0011410465869095001,0.00011607876925770209
3,0.007738691217699001,-0.042065083609201005,0.002593453241315,0.000578842748521
4,0.013119666452934001,-0.040452431259774504,0.0054329423407465,0.0006021656610605001
