cluster,session_length_performance_slope,within_session_performance_slope,games_per_day_performance_slope,games_per_week_performance_slope
0,0.004663788612718705,-0.016613003350001796,0.0015369570193481364,0.0003744080504863186
1,0.015129612328494734,-0.04406421041312027,0.007421364133439054,0.000583097115382741
2,0.01007967191481918,-0.04465351760660737,0.0035047051324462743,0.0009450295809693166
3,0.0008538263653347534,-0.015552619065189153,0.001452567415021018,0.0008588148065478945
4,0.0011052213027172727,0.0038041214725848625,0.0012389111923022276,0.0003845229543079091
