cluster,session_length_performance_slope,within_session_performance_slope,games_per_day_performance_slope,games_per_week_performance_slope
0,0.0033982368855725005,-0.008209790721333501,0.00048596458933800003,0.000395936804647
1,0.010603882196535,-0.044134238777095006,0.0074950330424070006,0.000657455725845
2,0.011827118937145501,-0.046109713590613506,0.002485879311947,0.0006282963804155001
3,0.0036428490047760004,-0.020417789757412,0.0027243255247920003,0.000715807886055
4,0.0006673673621065,0.012042195678178502,0.001087278803126,0.0003798896268695
