cluster,session_length_performance_slope,within_session_performance_slope,games_per_day_performance_slope,games_per_week_performance_slope
0,0.006866503118643001,-0.031353649447397505,0.003577109609843,0.000682310318083
1,0.011952479931672,-0.017114845938375003,0.001405386334234,0.000492132168653
2,0.011443773489295001,-0.052672590567327,0.004768594938489,0.000462581153327
3,0.001842354046783,-0.00036949699889100005,6.92080956383143e-05,0.000347713342839
4,0.0007266095961600001,-0.00968684093684,0.002381781937948,0.00042481475784500005
