cluster,session_length_performance_slope,within_session_performance_slope,games_per_day_performance_slope,games_per_week_performance_slope
0,0.010429351263412238,-0.04270461554442167,0.004878858419656798,0.001272618504054524
1,0.004235191031213651,-0.016089927560085676,0.0023474374422205,0.0001962480243511416
2,-0.0008126440471094145,0.006567266552572099,-8.295217012438938e-06,0.00014489870439134513
3,0.009585289560146001,-0.03831379330197596,0.005036727726474847,0.00020540047107575515
4,0.00938908962911243,-0.03518625813138833,0.0033031681385931578,0.0011015822382407583
