cluster,session_length_performance_slope,within_session_performance_slope,games_per_day_performance_slope,games_per_week_performance_slope
0,0.011772013925672,-0.034313062281736,0.0064195711805125006,0.000873008470095
1,0.006113263186587,-0.03674562932299401,0.002210312303688,0.00025525904729100003
2,-0.000464245005014,0.017445678974147002,-0.0006645708408680001,0.000347713342839
3,0.007579735478731001,-0.0287506144649,0.004494541596005,0.0008870047626280001
4,0.0092789541308665,-0.04631100681186501,0.0027581274273835,0.0005914801007075
