cluster,elo_gain,elo_gain_per_game,elo_slope_per_game,elo_slope_per_day
0,10.5,0.027227088948787,0.0767423290206855,0.26994184886412254
1,-65.5,-0.12565151765288501,-0.022554757366233504,-0.0700660794015395
2,30.0,0.054172767203513,0.180215671846938,0.7989066339709391
3,18.0,0.051181102362204,0.20734504073251803,0.7424711452596591
4,-3.5,-0.00688048245614,0.09888852310327151,0.42636934383738256
