cluster,session_length_performance_slope,within_session_performance_slope,games_per_day_performance_slope,games_per_week_performance_slope
0,0.01714034244268352,-0.06224590428284796,0.007223330229072544,0.001298194716316944
1,-0.0077246027495755,0.044333673586116694,-0.0018342794249180715,-4.0073205346933936e-05
2,0.014513107132377573,-0.055258961027446325,0.0066611327987251435,0.001128225093429534
3,0.009284961732529694,-0.05686561508547234,0.004239171458822263,0.0014717530737071917
4,0.00022163045845106496,0.01165158420365113,-4.797076710638701e-05,-0.0007970693988539195
