cluster,elo_gain,elo_gain_per_game,elo_slope_per_game,elo_slope_per_day
0,-15.0,-0.029780564263322002,0.11653856247692701,0.27329263265049003
1,47.5,0.10756665125597151,0.16948353892735452,0.6850130833649011
2,-0.5,-0.0007363770250365001,0.14039909300638753,0.4576354759563346
3,-5.0,-0.007909604519774,0.05343700459725301,0.223153234136845
4,-50.0,-0.08701544424294351,-0.0415831592596365,-0.16097417317411802
